id,username,password,email
1,Austina Clarke-Williams,IZ2zeMdlUWv8,aclarkewilliams0@marriott.com
2,Aleece Creffeild,AhYGDHTAfcFK,acreffeild1@bloomberg.com
3,Charmine Bennallck,zFl9RX,cbennallck2@webs.com
4,Selig Ackers,KwRgTqvvzt,sackers3@yelp.com
5,Kendell Pease,fj1XsNEsKB,kpease4@eventbrite.com
6,Jud Saynor,J1wN3B1c,jsaynor5@google.fr
7,Frieda Haddinton,3W4xJSI0gwm,fhaddinton6@lycos.com
8,Thibaud Mannooch,EA84g99xo,tmannooch7@dell.com
9,Courtnay Glasson,kqUYuI,cglasson8@thetimes.co.uk
10,Codie Waplington,JOIK4rGJ0D,cwaplington9@cyberchimps.com
11,Norah Lyford,0nwxDTYkeJK,nlyforda@nationalgeographic.com
12,Sax Toulson,aVLTdBY,stoulsonb@biglobe.ne.jp
13,Nonah Skaife d'Ingerthorpe,ZDwuSKAVy4,nskaifec@gov.uk
14,Suzanne Wayon,OeaLdTS,swayond@nytimes.com
15,Phyllida Castagneto,OAvD46,pcastagnetoe@t.co
16,Brianna Lavrick,RTzXtCbQsA,blavrickf@soundcloud.com
17,Dulsea Denson,2rsYcF,ddensong@oracle.com
18,Hyacinth Somerled,1spDXbyCrOSM,hsomerledh@ftc.gov
19,Reynold Glason,px4ExjPsE0A,rglasoni@cdbaby.com
20,Nissy Grzeszczak,2Z3Tcnv,ngrzeszczakj@odnoklassniki.ru
21,Indira Dalrymple,xS0hvm,idalrymplek@ebay.co.uk
22,Emmanuel Raikes,XXCNhK,eraikesl@wordpress.org
23,Cally Matyatin,nV8F3TB1wVs,cmatyatinm@dagondesign.com
24,Kellsie Bough,MweFVGS8dBI,kboughn@artisteer.com
25,Kali Dei,nidgLmT,kdeio@ibm.com
26,Gracie Gannan,ZAUVCAaRlNB,ggannanp@exblog.jp
27,Dulce Simounet,rNO6gUgEw,dsimounetq@a8.net
28,Rodge Langelay,pAk91Uv5P,rlangelayr@sun.com
29,Alessandro MacCrackan,gbik5htYFp,amaccrackans@narod.ru
30,Celene Siaskowski,fOzD7ESSCg,csiaskowskit@epa.gov
31,Devi Thomsson,Wg8j204,dthomssonu@rambler.ru
32,Hermina McLuckie,NxuVCq,hmcluckiev@shareasale.com
33,Cirillo Clementi,dekkLT43,cclementiw@cloudflare.com
34,Dante Bason,1ukhPDB,dbasonx@liveinternet.ru
35,Ricky Nibley,Kq8A3mgKS,rnibleyy@smugmug.com
36,Rosaleen Heustace,aEPNEIG,rheustacez@wp.com
37,Anstice Robet,m34QaHo1,arobet10@exblog.jp
38,Maighdiln Bridden,cwIaxzS1ze,mbridden11@msu.edu
39,Carlyle Deedes,URy7osk,cdeedes12@noaa.gov
40,Dolf Wilbraham,uPv2VyNsE04x,dwilbraham13@europa.eu
41,Georas McAlister,35ogpaeKkibp,gmcalister14@vimeo.com
42,Brod Howood,TukTxCswsT,bhowood15@1und1.de
43,Aldridge Robarts,2TA6vWh,arobarts16@soup.io
44,Nance Wolland,7Sm01j,nwolland17@topsy.com
45,Ardelia Brannigan,rfAO7vWTxd6,abrannigan18@meetup.com
46,Evy Toplin,GyNqd0QxQwj,etoplin19@topsy.com
47,Zacharias Tampion,6BbhzWB,ztampion1a@icq.com
48,Ronnie Groombridge,qwWn5h1,rgroombridge1b@vistaprint.com
49,Angil Lergan,WrLlEb1xllVk,alergan1c@vk.com
50,Doralia Inkster,ihXfZrWt,dinkster1d@edublogs.org
51,Terry Boden,3wc95Mc,tboden1e@umn.edu
52,Easter Osbiston,yvVFkg32nx,eosbiston1f@uiuc.edu
53,Angelita Vennart,aztlgsiXSrOM,avennart1g@bbb.org
54,Traci Kesten,Z096PT09tx7Y,tkesten1h@vkontakte.ru
55,Cinnamon Rubinowicz,MQFwGZx2D,crubinowicz1i@feedburner.com
56,Francis Batts,d1TX0HrC,fbatts1j@theguardian.com
57,Tine Ingree,ivhNOPsKUdDI,tingree1k@un.org
58,Israel Garrad,okX97Sy,igarrad1l@nationalgeographic.com
59,Theodosia Davidek,iYROwM099,tdavidek1m@tumblr.com
60,Agnes Vosse,6pjIuQPYdIjN,avosse1n@un.org
61,Gerardo Lepoidevin,Y432ZC4Yi,glepoidevin1o@skyrock.com
62,Kenny Picker,jI5chrC,kpicker1p@wired.com
63,Robena Winterscale,mZVeNynS,rwinterscale1q@people.com.cn
64,Elane Rugieri,Ddf56Y93yUf1,erugieri1r@google.ca
65,Emmaline Simcox,iW5rvc,esimcox1s@nps.gov
66,Tobi Kersaw,FzQKcKa,tkersaw1t@1688.com
67,Harcourt Crookes,CXF7eQ,hcrookes1u@jugem.jp
68,Aurilia Spray,XRWcHqncv0,aspray1v@nyu.edu
69,Thaddeus Donaway,mILBXTUV,tdonaway1w@nba.com
70,Silvia Arend,fNjHTMX3,sarend1x@yahoo.com
71,Vincents Budcock,jnAu4zX,vbudcock1y@scientificamerican.com
72,Miriam Bartczak,QsOCjfm4SQZ,mbartczak1z@redcross.org
73,Hilario Edmunds,Q90hRSg,hedmunds20@opera.com
74,Danielle Jamary,fKAnIu,djamary21@virginia.edu
75,Kathryne Goschalk,2xbLMCxJ,kgoschalk22@mysql.com
76,Kahlil Padrick,JSMvmZKNCbm,kpadrick23@desdev.cn
77,Wye Cramond,H3xZHI,wcramond24@deviantart.com
78,Tiffany Pearde,TeJ0XqXjlEd,tpearde25@admin.ch
79,Hershel Jaan,Q0gGQVFtWp2,hjaan26@jigsy.com
80,Welsh Wasmuth,gq8udBY,wwasmuth27@washington.edu
81,Ram Verdon,PKxsUIwPZ,rverdon28@ox.ac.uk
82,Edeline Slemmonds,BQ1MXyE,eslemmonds29@feedburner.com
83,Fayina Boffey,gsVUf3tUmw,fboffey2a@cdc.gov
84,Querida Apedaile,4RdBqqX,qapedaile2b@jalbum.net
85,Ulises Pitt,wUC6y8oZ6Ia,upitt2c@microsoft.com
86,Missie Dyton,KZt9BCj679w,mdyton2d@chicagotribune.com
87,Birgitta Janos,WIxE8fpYjo,bjanos2e@epa.gov
88,Clarie Cretney,pggOQx,ccretney2f@nydailynews.com
89,Igor MacSorley,XgHb6l28Sa,imacsorley2g@histats.com
90,Garvin Grebbin,BEuIis28B7,ggrebbin2h@4shared.com
91,Valenka Ditt,nSbbfRH05z9,vditt2i@i2i.jp
92,Yance Wearden,lZ3sr9KlhV6,ywearden2j@sciencedaily.com
93,Wolfgang Guyver,Ix57vbLQb,wguyver2k@furl.net
94,Faydra Elsby,Y3rTuWW03,felsby2l@paginegialle.it
95,Jourdan Ledward,nBfQq3RQNxM,jledward2m@google.com
96,Jason Shadfourth,uZ3CBcKz,jshadfourth2n@arizona.edu
97,Temple Janks,XsXL3eT2Ntf,tjanks2o@sogou.com
98,Barbabra Sture,8iK1n8Q,bsture2p@salon.com
99,Patrick Fewster,CIOMFrnxIK,pfewster2q@instagram.com
100,Carver Giddings,jLgZugPso,cgiddings2r@taobao.com
101,Thadeus Gumme,gN5d8cQboh9,tgumme2s@acquirethisname.com
102,Jo-anne Sier,m1Avd4SwuYJ,jsier2t@fastcompany.com
103,Tiff Satchel,pISSDjZbx8ej,tsatchel2u@usnews.com
104,Jessee Dene,tPWcHfNHiczf,jdene2v@issuu.com
105,Walsh Jindacek,dokbugK,wjindacek2w@youtu.be
106,Bradney Nutton,lI8ZOs,bnutton2x@tmall.com
107,Jandy Gwilliam,zQ8Q0i,jgwilliam2y@blogspot.com
108,Kacie Clericoates,EgzTsKs,kclericoates2z@nature.com
109,Laurice Hanlin,kOol86a,lhanlin30@chicagotribune.com
110,Wilfrid Marcussen,i8OSVHY,wmarcussen31@github.io
111,Edie McShirrie,Kv71Us3,emcshirrie32@cnbc.com
112,Val Southwick,RGUmcJ3,vsouthwick33@dot.gov
113,Rivy Sollime,yM0knNvSL3,rsollime34@nasa.gov
114,Guglielmo Huscroft,tMuxLXGcJu,ghuscroft35@dedecms.com
115,Shell Gumme,UmlYn69Hc,sgumme36@netscape.com
116,Richmound Kemsley,2ypCrl4JSu,rkemsley37@google.com.hk
117,Amata Uccello,V2boi8C0Y,auccello38@comsenz.com
118,Yehudit D'Hooghe,RwCj4pili,ydhooghe39@fotki.com
119,Maddi Cucinotta,9ww01NQHRGwi,mcucinotta3a@apple.com
120,Margo Ashwin,MnMdut,mashwin3b@imgur.com
121,Alonso Hegges,iHziXH,ahegges3c@netlog.com
122,Kaye Sherrington,UUpctI9UsIh,ksherrington3d@dell.com
123,Pammie Rope,217720,prope3e@github.io
124,Debra Sivyour,4b22j28c7H7,dsivyour3f@ca.gov
125,Demetri Yakunin,ZlbvzfLe,dyakunin3g@blogs.com
126,Weston Penkethman,Plp8qU2RhFfj,wpenkethman3h@europa.eu
127,Jorry Kassel,2ufjcJ,jkassel3i@whitehouse.gov
128,Deb Hendrik,1Et88h,dhendrik3j@marketwatch.com
129,Irvin Copsey,kDWonuHM05uv,icopsey3k@a8.net
130,Guillema Adam,yaFmCxsn,gadam3l@ebay.co.uk
131,Felice Bewsey,ohLtYpepn0Y6,fbewsey3m@delicious.com
132,Kristopher Blumire,eXuDDGAZ,kblumire3n@bandcamp.com
133,Amalle Blankhorn,nirfZV,ablankhorn3o@mail.ru
134,Jdavie Meakes,1o37yK2Gdd,jmeakes3p@woothemes.com
135,Rozina Bauld,UMvauFVX2s,rbauld3q@acquirethisname.com
136,Celestine Jerred,h1zQQxvDYAcd,cjerred3r@biblegateway.com
137,Grange Birwhistle,MuRrRXi,gbirwhistle3s@unc.edu
138,Charyl Lantoph,MDqaeCwGNpR,clantoph3t@bloglines.com
139,Taber Christescu,i0XOkS,tchristescu3u@1und1.de
140,Lorine Jesper,WikTSLSRTJk,ljesper3v@so-net.ne.jp
141,Earl Siderfin,W0IBZYn1,esiderfin3w@va.gov
142,Ferdie McPhilemy,Ii7uTz,fmcphilemy3x@desdev.cn
143,Sarina Jandak,thsvFn,sjandak3y@aol.com
144,Ardenia Staddart,ZB0uJvps,astaddart3z@merriam-webster.com
145,Marlon Eason,2wqqme,meason40@friendfeed.com
146,Ruperto Froggatt,MBZeg35EYldi,rfroggatt41@bbb.org
147,Allyce Carnson,G7vKN7ir,acarnson42@statcounter.com
148,Maurita Crannis,XBi6vYD,mcrannis43@51.la
149,Jasmin Utteridge,CktmLMQd,jutteridge44@taobao.com
150,Wells Huygen,C0CmO8IiBmtc,whuygen45@intel.com
151,Alisa Hutchason,h4dS0qM,ahutchason46@reverbnation.com
152,Fielding Matyushonok,skKzZHDp,fmatyushonok47@sfgate.com
153,Peirce Pering,Qe6cSlCJC,ppering48@answers.com
154,Ignatius Castagnaro,6AKYcxtScE,icastagnaro49@bbb.org
155,Babara Fellona,6JnrZL0tcw,bfellona4a@yahoo.co.jp
156,Hagan Harrhy,uwvYT3fW,hharrhy4b@cbc.ca
157,Sheba Byfford,JOCIliJqQBM,sbyfford4c@independent.co.uk
158,Letizia Caress,FckLLO5UsQf,lcaress4d@macromedia.com
159,Sheila Loveridge,FVlgGkhTHFNl,sloveridge4e@nature.com
160,Raff Kinker,qhFORVk0,rkinker4f@opensource.org
161,Constance Toop,gnHfuCRpIR,ctoop4g@ed.gov
162,Hyatt Poyzer,a8brffMHf03K,hpoyzer4h@slideshare.net
163,Stormie Bavridge,mZSpFQsHoB8n,sbavridge4i@webeden.co.uk
164,Colette Mathissen,FwuDmrVdmGE,cmathissen4j@noaa.gov
165,Corrinne Wellstead,joruPm,cwellstead4k@squarespace.com
166,Marabel Sinott,Y9yGkS,msinott4l@seattletimes.com
167,Carey Dinan,aRDGGGCwLSX,cdinan4m@yelp.com
168,Rafaelia Vittore,yRa7Xmt,rvittore4n@reference.com
169,Glynn Tinmouth,fSN6CMaW,gtinmouth4o@stanford.edu
170,Magdalen Trumpeter,Cy0IHkhEY1D7,mtrumpeter4p@printfriendly.com
171,Eberhard Porritt,EzukpTBby0HT,eporritt4q@deviantart.com
172,Rayna Oldcroft,CvIrjDZo,roldcroft4r@cisco.com
173,Bridgette Gai,8TrRyrrg9nEX,bgai4s@nationalgeographic.com
174,Lester Jury,ewAyVby,ljury4t@mayoclinic.com
175,Marianna Gyurko,owzKhX8Z,mgyurko4u@theatlantic.com
176,Heidie Plessing,4To8NpWyytv,hplessing4v@sohu.com
177,Malia Lipgens,TEDkdAW7Uk8J,mlipgens4w@joomla.org
178,Selene Fergyson,BrAFol0,sfergyson4x@cbc.ca
179,Renate Oglethorpe,nRq3kX3p,roglethorpe4y@mail.ru
180,Nola Streeten,CR9SK6393i,nstreeten4z@t.co
181,Noah Benbow,a4hYOR,nbenbow50@howstuffworks.com
182,Shel Michiel,UHb9nKFa,smichiel51@answers.com
183,Nelie Noni,1ApoDVxDd0z,nnoni52@google.cn
184,Jocko Beesley,Ugty36SjcAyg,jbeesley53@pbs.org
185,Raimundo Wisam,rF8mO6p5,rwisam54@last.fm
186,Oby Caunce,TDLc0b3Mf0s,ocaunce55@163.com
187,Jarrid Isson,uBiO06ZshH4X,jisson56@umich.edu
188,Wald Constantine,yFxAvQRr,wconstantine57@constantcontact.com
189,Pierson Sibly,VSzjoc,psibly58@google.com
190,Hobie Timbridge,4VfZfN1XGp,htimbridge59@statcounter.com
191,Martelle Tommeo,hGrytuZi0TX,mtommeo5a@weibo.com
192,Ephraim Boynton,jM1lpSB,eboynton5b@cafepress.com
193,Micheil Bremmer,DWQAFZRWX,mbremmer5c@salon.com
194,Letty Coogan,Zsp6zvYnN0Dc,lcoogan5d@globo.com
195,Zebadiah Shotbolt,OWNUNROm,zshotbolt5e@hud.gov
196,Aggie Spitaro,6DVMH4Ru,aspitaro5f@elegantthemes.com
197,Frederique Kezourec,MQqMJRkxVWMl,fkezourec5g@addthis.com
198,Gasparo Neath,2XinMewA30,gneath5h@google.ru
199,Meade Roughan,1GpVxQkWD5f,mroughan5i@berkeley.edu
200,Hermon Goodchild,5PNus8whdp,hgoodchild5j@blinklist.com
201,Townie Allchorn,eL57ba6hINYF,tallchorn5k@gizmodo.com
202,Justus Tellwright,raFPYiFTyo,jtellwright5l@studiopress.com
203,Guendolen Lorek,WxGCpXiu,glorek5m@patch.com
204,Saree Mottley,4qbq2eI0E,smottley5n@biglobe.ne.jp
205,Koressa Sustins,TbsZKBuKyk,ksustins5o@wsj.com
206,Micheal Money,Fwz0hsDJ,mmoney5p@zimbio.com
207,Tomas Gavrielly,VGMUW6,tgavrielly5q@google.com.au
208,Ginevra Mularkey,LOsVkkv7SC7,gmularkey5r@tuttocitta.it
209,Nehemiah Gras,4ctqFqEmXkwR,ngras5s@omniture.com
210,Hewett Radborn,FUx1ITabZ,hradborn5t@wikimedia.org
211,Jaimie Mustill,Q64cKz33y,jmustill5u@blogger.com
212,Simonette Arkell,F6AqeG5Yphg,sarkell5v@t.co
213,Elysia Danick,KrQaTUuetbC,edanick5w@ebay.co.uk
214,Noland Cardo,VAd1Lv4VcBv,ncardo5x@ycombinator.com
215,Delphinia Musto,tDPdts7,dmusto5y@spiegel.de
216,Ricki Jossum,chwFWn5aCn,rjossum5z@furl.net
217,Marlon Gurery,ZHwsYqJC,mgurery60@ifeng.com
218,Janith Fibbens,noQaaRs,jfibbens61@blog.com
219,Panchito Gregol,KPpnc5sM,pgregol62@friendfeed.com
220,Chaddie Eglise,e8jJUN93ic0s,ceglise63@timesonline.co.uk
221,Blanch Pentycross,e8DKCGKM,bpentycross64@google.it
222,Irv Blesdill,WjooygS,iblesdill65@geocities.jp
223,Brewster Ferry,eOAe2Grfezj,bferry66@flavors.me
224,Aldwin Peyton,F0Dx65jF9McH,apeyton67@smugmug.com
225,Dacie Spring,ndEmYWHuU,dspring68@ucoz.com
226,Alene Herries,JxZ2vxS5d,aherries69@arstechnica.com
227,Ursola Dorward,dm7sxTm,udorward6a@yale.edu
228,Ibrahim Guinan,SzgHuE,iguinan6b@arizona.edu
229,Linc Ralton,qcJvSlSY,lralton6c@si.edu
230,Wallie Mustoo,1eglj3gIoeL,wmustoo6d@illinois.edu
231,Perrine Chaman,drad8HU32p,pchaman6e@exblog.jp
232,Virgina David,RWKXSjZx3Y,vdavid6f@umn.edu
233,Loretta Casford,tfEHsAZWt3cK,lcasford6g@tinyurl.com
234,Marsha Lount,LYJDWty,mlount6h@ustream.tv
235,Juliane Clark,4pBJ0cltdPM,jclark6i@stumbleupon.com
236,Reinaldos Weatherhead,M8fbPv,rweatherhead6j@cbsnews.com
237,Becca Lecointe,Gl9UfVqwu,blecointe6k@51.la
238,Nickolai Ansill,BsZPsjfL,nansill6l@deliciousdays.com
239,Ilka Vonasek,Nk3QjTQCVR,ivonasek6m@un.org
240,Chan Donati,ycpjDWxeMW,cdonati6n@linkedin.com
241,Philippa Roberts,v4TZ3ZG,proberts6o@theglobeandmail.com
242,Mercedes Currington,FU3ejAH,mcurrington6p@stanford.edu
243,Aime Evenett,ZEjvfWATQv5n,aevenett6q@163.com
244,Guthrey Pichan,WsjAgLAL,gpichan6r@netlog.com
245,Bucky Callingham,pt5kydU,bcallingham6s@samsung.com
246,Kristien Cordelle,kSn8gza7UR08,kcordelle6t@parallels.com
247,Loise Easterbrook,WEM5ZV,leasterbrook6u@hibu.com
248,Cassie Bauman,LWReRV21Fs3U,cbauman6v@dailymail.co.uk
249,Jenn Huntar,CyT91rvXnvvH,jhuntar6w@facebook.com
250,Odette Tebbitt,xpmvl9,otebbitt6x@clickbank.net
251,Renell Ryde,fBqj42NGRb,rryde6y@jugem.jp
252,Adelind O'Lunny,IaNhfoQPT7f,aolunny6z@redcross.org
253,Marie Steffens,rMAmNyYRvFp,msteffens70@is.gd
254,Margret Everton,ahJXcJTJglhc,meverton71@sun.com
255,Dag Baldung,WdNwK3ZQSUW,dbaldung72@parallels.com
256,Lauren Wermerling,j4zZmOakQwWA,lwermerling73@slate.com
257,Natassia Passingham,wapzvB,npassingham74@examiner.com
258,Lena Springtorpe,VvxRii,lspringtorpe75@icio.us
259,Kimbra Pruvost,RvPKkTialG,kpruvost76@networksolutions.com
260,Rodd Dudny,5DpmLNS8O,rdudny77@patch.com
261,Josh Reidshaw,Yejg87,jreidshaw78@geocities.jp
262,Dorie Doniso,BzhSzScMz,ddoniso79@prnewswire.com
263,Winnie Zute,mJtioOqRMz,wzute7a@surveymonkey.com
264,Annora Ravens,mmxJqf,aravens7b@sitemeter.com
265,Constancia Romero,os9W7iBp,cromero7c@wunderground.com
266,Shanna Stoggles,D9abhRmHi,sstoggles7d@last.fm
267,Karrie Gillebride,GvcYhzAEs,kgillebride7e@adobe.com
268,Constance Pfaffe,VfowvN,cpfaffe7f@princeton.edu
269,Rudy Eldrett,a7yIhf2kl1CW,reldrett7g@economist.com
270,Frants Kitcat,SvDn0vu,fkitcat7h@com.com
271,Sonia Lillie,kQUAqL9xTn,slillie7i@behance.net
272,Juliet Shildrake,zRbrlnwq,jshildrake7j@scientificamerican.com
273,Gordon Hanbury,OiWzE2K,ghanbury7k@nifty.com
274,Cathe Bolte,T4qcrqojK,cbolte7l@amazon.co.uk
275,Winfield Fawke,FahcRTM1wtRY,wfawke7m@msu.edu
276,Nadean Henrichsen,3BOdsh6eAIC,nhenrichsen7n@pinterest.com
277,Phillie Conaghy,dQ7jM2gn4R,pconaghy7o@wikimedia.org
278,Alvy Colquit,c5noDA3n0rQJ,acolquit7p@multiply.com
279,Bobina Wythe,a7nwl7FN0m7,bwythe7q@merriam-webster.com
280,Katalin Cucuzza,RfEqbY5JrV29,kcucuzza7r@engadget.com
281,Chrissy Martijn,yoqoOEo35p,cmartijn7s@github.com
282,Cindy Humbles,VYvcov1d9aa5,chumbles7t@usda.gov
283,Karly Conahy,TuaBc8H,kconahy7u@skype.com
284,Charmion Devanney,1ngdRjZ0JE0,cdevanney7v@wiley.com
285,Arlina Ilymanov,Nsq49niJ4,ailymanov7w@cloudflare.com
286,Ashlee Andrys,edK8wJ,aandrys7x@squidoo.com
287,Fernanda Antonio,NguB0yLOBkMl,fantonio7y@shareasale.com
288,Heath Antushev,yHLLhywhy1M,hantushev7z@behance.net
289,Garrek Garrow,4CLKgYM,ggarrow80@sun.com
290,Gris Rivilis,6kF6Q5l4y1S4,grivilis81@youtu.be
291,Kleon Side,YTgArvHFZMT,kside82@tripadvisor.com
292,Indira Canti,rJH19Uc,icanti83@usatoday.com
293,Lilyan Anglish,hW2dwfYe5j2,langlish84@usda.gov
294,Nikolos Foulks,Ew3FmDLSwJ,nfoulks85@biblegateway.com
295,Dav Guitonneau,kDbzRGs97P,dguitonneau86@phpbb.com
296,Paige Pauluzzi,vwcsM9GtsPd0,ppauluzzi87@youtu.be
297,Neddy Lesser,hFCuPE7,nlesser88@telegraph.co.uk
298,Nicky Holleworth,LHZqlL,nholleworth89@mozilla.org
299,Annaliese Cumpton,jGx6Tk4p,acumpton8a@paypal.com
300,Rourke Shivlin,XWMDG89,rshivlin8b@icq.com
301,Faber Yushmanov,HnnCNPJ,fyushmanov8c@google.co.uk
302,Jorey Goldsmith,ZIoj5CqV,jgoldsmith8d@paypal.com
303,Lynnette Casero,OgadXJGjM3,lcasero8e@github.com
304,Rozella Terzza,juQDHWsdQi,rterzza8f@desdev.cn
305,Rora Chimes,VA2MctP8YoM,rchimes8g@1688.com
306,Nikolai Nicholson,o0aoN4joN6,nnicholson8h@i2i.jp
307,Moria Medd,Oayl35hAy6,mmedd8i@ning.com
308,Alexia Jozwicki,ENuxKW9z,ajozwicki8j@e-recht24.de
309,Cornelle Listone,ikcceI,clistone8k@mapquest.com
310,Licha Brokenshire,awcVbRb,lbrokenshire8l@tuttocitta.it
311,Kenn Lanchbery,D7eJoYzle,klanchbery8m@sitemeter.com
312,Orson Tackle,MbvEppH4a,otackle8n@economist.com
313,Patty Adderson,4tl7x1X2Vw,padderson8o@hibu.com
314,Brandi Roseby,yEJxSV,broseby8p@about.com
315,Carleen Crome,1V7C6qS3G,ccrome8q@eepurl.com
316,Jaynell Leeke,emtaqHhEo,jleeke8r@360.cn
317,Malcolm De Francisci,3DGY0etUEmTb,mde8s@icq.com
318,Gisele Worster,JSkRAu11O,gworster8t@theglobeandmail.com
319,Sybilla Bonellie,P364BKjH1yXe,sbonellie8u@amazon.com
320,Liesa Pratten,oRJoqyAr8,lpratten8v@senate.gov
321,Gabriell Pontain,guoX07KS,gpontain8w@npr.org
322,Ira Hortop,RZT2FlbrE,ihortop8x@ucoz.ru
323,Julianna Wingeatt,uLKyPnWO,jwingeatt8y@51.la
324,Burke Choldcroft,4sYnMWf,bcholdcroft8z@furl.net
325,Adriaens Hassall,lVeRzy7RwxP,ahassall90@cornell.edu
326,Elizabet Brandi,E9AGcF8,ebrandi91@ow.ly
327,Standford McKendo,Uuw9ELOS,smckendo92@163.com
328,Pat Rothera,vpucPn,prothera93@youku.com
329,Sigismond Flohard,8icT9IU,sflohard94@rambler.ru
330,Juieta Diack,0sd4X3xwwMR,jdiack95@yellowpages.com
331,Shae Peattie,VMSqmW,speattie96@discovery.com
332,Aubree Ludwig,O7K9XwqsK,aludwig97@go.com
333,Tine Caser,3X76UgkBPjb,tcaser98@jigsy.com
334,Henrie Pepperell,TApZls2Rz,hpepperell99@weebly.com
335,Kenneth Willwood,nLdxVaUdVxPB,kwillwood9a@instagram.com
336,Cristen Whithalgh,n0lH7WK6A,cwhithalgh9b@xinhuanet.com
337,Stevie Tolmie,m8cFypW,stolmie9c@jiathis.com
338,Hobie Greville,FoCNM6OJ,hgreville9d@comsenz.com
339,Coral Hentzeler,TWK88doXc,chentzeler9e@photobucket.com
340,Shannon Caldaro,spaY4GIlGMIx,scaldaro9f@washington.edu
341,Aurie Heddon,1TJo92WAP,aheddon9g@altervista.org
342,Normy Flitcroft,6ojqe0Q2F0T0,nflitcroft9h@jimdo.com
343,Hatti Christofe,Pymi9KdmV,hchristofe9i@alexa.com
344,Nolly Fillingham,OUt1zwZ,nfillingham9j@webeden.co.uk
345,Alvera Knifton,irxANzJUR,aknifton9k@whitehouse.gov
346,Crichton Hallifax,CADtPQyCGxU,challifax9l@tumblr.com
347,Sukey Theobald,9wtApf1,stheobald9m@ucla.edu
348,Gusty Escritt,1DCfX8,gescritt9n@bigcartel.com
349,Hedwiga Veld,R1f7xaYL1wvX,hveld9o@ezinearticles.com
350,Dorotea Leeburn,3eO71ANA2nJp,dleeburn9p@furl.net
351,Edouard Colnett,JTWUld82L2,ecolnett9q@blogtalkradio.com
352,Nollie Hazeldine,mr26aEXlLs3,nhazeldine9r@ucoz.ru
353,Dino Raithmill,0Gdm61AQ,draithmill9s@sbwire.com
354,Stern Coltan,udZz9au9,scoltan9t@adobe.com
355,Nariko Lesslie,0tm9Xt,nlesslie9u@freewebs.com
356,Hallie Bickell,0Mx8VxBN,hbickell9v@hp.com
357,Theressa Ubsdale,SQbCb4uzy,tubsdale9w@globo.com
358,Garrek Gradly,xmdgCeQdGgA,ggradly9x@icio.us
359,Barbette Stangroom,oBFqHr3yWTai,bstangroom9y@gov.uk
360,Angy Maymand,z7sCGAR,amaymand9z@ihg.com
361,Viki Burnet,INRUdhLtSG,vburneta0@sfgate.com
362,Cassondra Van den Velde,fN165E,cvana1@posterous.com
363,Nariko Hambleton,AcwD2W,nhambletona2@who.int
364,Carroll Vyel,4B6SKaQ3,cvyela3@bigcartel.com
365,Wenona Shillitto,2hFBz7f7iH,wshillittoa4@joomla.org
366,Ezri Wareham,RxIznrtyIv1F,ewarehama5@wufoo.com
367,Dayna Pallent,8VIGc6k49F,dpallenta6@theguardian.com
368,Cal Paoli,bUnUgF4,cpaolia7@foxnews.com
369,Fiona How,RlZbW5O1ACz,fhowa8@themeforest.net
370,Rasia Rist,s9iqJNsF3awx,rrista9@topsy.com
371,Arabela Chaff,R9dKVB,achaffaa@house.gov
372,Myrah Bohin,gkSnp3jzI,mbohinab@ebay.co.uk
373,Benton Driffe,iVq7ADA,bdriffeac@t-online.de
374,Luis Ekkel,TzjDOf0,lekkelad@earthlink.net
375,Marten Matthewman,EuTddtLvwHpm,mmatthewmanae@vistaprint.com
376,Gianni Lohan,mfKedPW9,glohanaf@imdb.com
377,Munmro Grgic,QgdybhIrF,mgrgicag@sciencedaily.com
378,Carry Vanner,2SZw8r,cvannerah@hao123.com
379,Garwin Alenichicov,HdPz11Yl5,galenichicovai@bizjournals.com
380,Caryn Napier,HJhCtkT9,cnapieraj@drupal.org
381,Tully Tollady,D8An9J,ttolladyak@princeton.edu
382,Liesa Tunno,BuO6pJh,ltunnoal@ca.gov
383,Constance Wroe,AbiER9FBL,cwroeam@goodreads.com
384,Millisent Gallichan,soB6y1NZw,mgallichanan@sfgate.com
385,Walden Shortin,W7bWGX9WoMJ,wshortinao@uiuc.edu
386,Heida Ogley,vTjgZv5,hogleyap@topsy.com
387,Chase Planks,cQviY8b44F,cplanksaq@gravatar.com
388,Ebony Skeldon,pZPCHIvVf,eskeldonar@sciencedirect.com
389,Poul Lahive,1Y55aCzyr1XS,plahiveas@friendfeed.com
390,Morley Beeswing,ZfAHaIayiOhY,mbeeswingat@dailymotion.com
391,Andrea Buchett,9YEKcES1NLMG,abuchettau@cnbc.com
392,Abelard Scarf,fePN2jRnn,ascarfav@spiegel.de
393,Alanna Finch,BTxbFTozAzXk,afinchaw@utexas.edu
394,Jeddy O'Lynn,6s9iSP2,jolynnax@cbc.ca
395,Charity Sirr,WU0cImfRsw,csirray@sun.com
396,Theodor Cariss,ht8BSwBGTz,tcarissaz@usnews.com
397,Lucais Rablen,MvZv1f,lrablenb0@seesaa.net
398,Katrine Kinchley,j756H9P,kkinchleyb1@imgur.com
399,Lusa Moulding,tjSeawPHv,lmouldingb2@reverbnation.com
400,Eb Lower,Jz0RglF6MO,elowerb3@home.pl
401,Seymour Chat,9iOe7UA,schatb4@bandcamp.com
402,Jorrie Caulfield,fA2S3VP,jcaulfieldb5@illinois.edu
403,Sonnie Noir,9zztyUPe,snoirb6@adobe.com
404,Nikolos Larkings,c2eyGVdqv,nlarkingsb7@imgur.com
405,Dannel Miskimmon,DhnqYh,dmiskimmonb8@ning.com
406,Rudie Drescher,m0tXIcXp1R6,rdrescherb9@google.co.uk
407,Connie Ciotto,U3ktbXIgp,cciottoba@pcworld.com
408,Abdel Worwood,DBg0gU2cu,aworwoodbb@comcast.net
409,Emylee Puttnam,aNOuyMfaTKO,eputtnambc@booking.com
410,Arvin Alred,ncwb2b6Gq,aalredbd@creativecommons.org
411,Kendrick Dovidaitis,mH9RcKwtI,kdovidaitisbe@yellowbook.com
412,Gal Sotham,FIYv34p,gsothambf@hatena.ne.jp
413,Leyla Donovan,FKvhZUr3,ldonovanbg@joomla.org
414,Dalenna Damrel,G9pZL6ndYi,ddamrelbh@opensource.org
415,Karol Ravelus,UMZQwITIQc,kravelusbi@oracle.com
416,Cinnamon Parkyns,1Gzb5L5loSSA,cparkynsbj@odnoklassniki.ru
417,Jervis Guyet,mrJ4MPNW,jguyetbk@mayoclinic.com
418,Marena Beiderbeck,QBWGmMX,mbeiderbeckbl@w3.org
419,Janene Rotte,piXIoEYIb,jrottebm@topsy.com
420,Christie Brogan,mXYGkT,cbroganbn@gizmodo.com
421,Tamqrah Brimblecomb,cFbTCE,tbrimblecombbo@wordpress.org
422,Melvyn Meeks,xf0XK2,mmeeksbp@miitbeian.gov.cn
423,Lusa Tunbridge,ZHkodNfgYwM,ltunbridgebq@mac.com
424,Kerry Dawtrey,9Kz0O1WgyXCB,kdawtreybr@google.pl
425,Kippie Yakhin,pqjFI7OvMUFO,kyakhinbs@paypal.com
426,Brodie Micklem,mTsHRe,bmicklembt@nifty.com
427,Margy Chipman,oesBlIy2Y2G,mchipmanbu@zdnet.com
428,Warden Jammet,P5nZwmmHOZU,wjammetbv@irs.gov
429,Maia Daine,6ZmuIA,mdainebw@discuz.net
430,Melli Kytley,jZnOvDnO0uSg,mkytleybx@jalbum.net
431,Denise Thorald,Z3qYgLjerlV,dthoraldby@google.cn
432,Bertha Mathews,foYCMzya0Lv,bmathewsbz@opera.com
433,Christy Halshaw,11h5Y9,chalshawc0@opensource.org
434,Bevon Ruppeli,T5G3eev80Y,bruppelic1@liveinternet.ru
435,Nicole Reubel,MbqIN5pKnNvA,nreubelc2@angelfire.com
436,Elizabeth Poulton,30BYxM,epoultonc3@163.com
437,Guglielmo Girvan,l9gPUBFT0,ggirvanc4@over-blog.com
438,Bendite Muscott,HX5gZW,bmuscottc5@seesaa.net
439,Darn Arno,CFr6OQbRCB,darnoc6@histats.com
440,Yehudi Stearns,1jD1GyQdPV,ystearnsc7@ted.com
441,Darnall Larham,bOr7Nl,dlarhamc8@indiegogo.com
442,Salomon Haster,OwowGlVsqi,shasterc9@bing.com
443,Becky Vondrys,R1J9Ks7gw,bvondrysca@gravatar.com
444,Grace Smither,xDvdMp,gsmithercb@chicagotribune.com
445,Sutherland Hastilow,ZAP6tW7Mx,shastilowcc@flickr.com
446,Dayna Swanson,SGqx11lsa,dswansoncd@dyndns.org
447,Zak Barrows,G9nF56EUq1,zbarrowsce@cdc.gov
448,Bernardina Elliff,C2DpilY0,belliffcf@pinterest.com
449,Rosabelle Foulstone,vBZVDE,rfoulstonecg@merriam-webster.com
450,Dex Bottle,UFcWe0W,dbottlech@shareasale.com
451,Paco Wichard,l5DaxSMBJoCf,pwichardci@biblegateway.com
452,Freedman Burner,mOqeFhhe1,fburnercj@umn.edu
453,Mickey Muller,N8PwazHRm2F,mmullerck@deliciousdays.com
454,Justus Draijer,BGzJ3UW3,jdraijercl@hubpages.com
455,Caroline Clewlow,6um8b5,cclewlowcm@dailymotion.com
456,Karalynn Holleworth,iqkbsdjRSmw,kholleworthcn@cornell.edu
457,Dagmar Parr,gWEjo7kaj,dparrco@sourceforge.net
458,Derrick Oluwatoyin,Tj2blMqfR,doluwatoyincp@creativecommons.org
459,Gigi Ellerington,ROipClgSR0w,gelleringtoncq@pagesperso-orange.fr
460,Valentijn Wherton,Q9p4rha,vwhertoncr@youku.com
461,Jeno Artindale,vg6uQ11Ew,jartindalecs@1688.com
462,Idaline Lindemann,VmNB0bQlw0,ilindemannct@alexa.com
463,Jewel Caselick,blvF8tbSaJju,jcaselickcu@nasa.gov
464,Gussie Hopkyns,r3AZnvcaN,ghopkynscv@earthlink.net
465,Veronika Batcock,WUZIMSqHp,vbatcockcw@reference.com
466,Woodie Drissell,BrVaZpNW5,wdrissellcx@pbs.org
467,Olivette Malby,YNDbE94dQR9,omalbycy@sina.com.cn
468,Binny Chimes,ofZ8jfYDD,bchimescz@wikipedia.org
469,Allix Tenpenny,DY421zl,atenpennyd0@cmu.edu
470,Igor Ordish,dcJqMzXsRH,iordishd1@amazon.co.uk
471,Jolene Lyddon,uRBqDq,jlyddond2@istockphoto.com
472,Turner Demeza,kMJPEVKpvRgz,tdemezad3@time.com
473,Krystle Riply,bOq763J3b58T,kriplyd4@yelp.com
474,Meridel North,KFT2O0,mnorthd5@bbb.org
475,Sherwin Ventura,MV6WOSRHmO5,sventurad6@google.com.hk
476,Melosa Goodale,fiEauS1wv0z,mgoodaled7@com.com
477,Ermentrude Applegate,mFpU9ZnK,eapplegated8@about.me
478,Bennett Klimes,p31VRoMp8,bklimesd9@fastcompany.com
479,Richmond Keri,Klfkr4,rkerida@xrea.com
480,Amory Pentercost,phQRPxgJ3TTK,apentercostdb@jigsy.com
481,Cesar Ullyatt,EiLdW3s,cullyattdc@ebay.co.uk
482,Ellynn Garraway,OmWU2oFTOs,egarrawaydd@i2i.jp
483,Lea Clackers,FcEGC59b1o,lclackersde@bbb.org
484,Zitella Dannell,wxNBdi07Ra1w,zdannelldf@trellian.com
485,Cris Taaffe,bym8LIb5,ctaaffedg@psu.edu
486,Martie Sent,UqRB7T22,msentdh@tamu.edu
487,Alexander Duplock,fAKJ8MQ,aduplockdi@cnet.com
488,Kaia Cankett,PUD6JNmqsJk,kcankettdj@1688.com
489,Jewelle Feldbau,CdGpt0S0i8,jfeldbaudk@facebook.com
490,Mackenzie Ord,0u1KYqVrd,morddl@w3.org
491,Miltie Gullefant,mxs6ouIwA4WH,mgullefantdm@si.edu
492,Jandy Sall,rMj8HUIEB,jsalldn@wikispaces.com
493,Correy Terzza,9EbuTL5J,cterzzado@constantcontact.com
494,Gerhard Chadney,yuROsrI,gchadneydp@yandex.ru
495,Ashien Champness,O2cMnrKC,achampnessdq@prnewswire.com
496,Randi Ravenshaw,Oli0hZRqcoUz,rravenshawdr@youtu.be
497,Patrizia Thorne,M0V0ltXhjqSY,pthorneds@reuters.com
498,Merle Mallett,FWaNUQJqn3u,mmallettdt@stanford.edu
499,Brita Stockin,Hz0DGVLv,bstockindu@livejournal.com
500,Filippa Merryweather,R404lMv2,fmerryweatherdv@whitehouse.gov
501,Marisa Awin,jh4QTVN1b,mawindw@mapy.cz
502,Gwenora Lesmonde,VZ5ZU7Ao,glesmondedx@irs.gov
503,Jeffry Lugton,8TREJXHbW,jlugtondy@51.la
504,Gabbie Matus,MLOtvD2T,gmatusdz@tumblr.com
505,Had Jeannaud,vCIIAqM78Yj5,hjeannaude0@behance.net
506,Justinn Bilbery,uBF9PFN,jbilberye1@sina.com.cn
507,Kai Mainwaring,mJkXdHVt612,kmainwaringe2@w3.org
508,Maurise Vennings,ijuBagVki,mvenningse3@cargocollective.com
509,Merle Poag,NImZa9b8L7aU,mpoage4@jimdo.com
510,Ora Bollen,PwFM6dDzuFr,obollene5@lycos.com
511,Estele Grinnell,ndTHqmjDnPVl,egrinnelle6@discuz.net
512,Hal Remmers,2eJsszoGY,hremmerse7@about.com
513,Brody Aisthorpe,URKRL1RV3k,baisthorpee8@ifeng.com
514,Glenda Luxton,l1DtLMNnf,gluxtone9@simplemachines.org
515,Terri-jo Quincey,mpr0We3SwC,tquinceyea@wufoo.com
516,Jonis Bosanko,7smfjyu5,jbosankoeb@springer.com
517,Murry Chaloner,RE3n1NLtR,mchalonerec@sogou.com
518,Annabelle Cannop,2vhB4zH5,acannoped@about.me
519,Dannie Loveland,pjP3CK,dlovelandee@fastcompany.com
520,Kerrin Didsbury,fG38RmT,kdidsburyef@uiuc.edu
521,Courtnay Gorner,HTi8NbAQ8H,cgornereg@gnu.org
522,Nanete Sowley,iK4K9A4T5W,nsowleyeh@yahoo.com
523,Dillon Janosevic,Ic3uDFKFu,djanosevicei@blogspot.com
524,Nananne Rudledge,6HzouQ,nrudledgeej@blogspot.com
525,Sonnnie Spurling,sOcLXDA1CPwh,sspurlingek@purevolume.com
526,Benton Breffit,c23Z3cr,bbreffitel@merriam-webster.com
527,Keefe Sparshott,HrsEVQMf3b,ksparshottem@rediff.com
528,Sosanna Harcarse,bGF0lyUS,sharcarseen@yandex.ru
529,Babb Masterson,IYnhkgNnln,bmastersoneo@dyndns.org
530,Naomi Thripp,i8n0cJuteZ,nthrippep@amazon.co.jp
531,Pris Kleinlerer,1QmvZBos8w,pkleinlerereq@canalblog.com
532,Jillian Wozencroft,XCKb9HrwaF,jwozencrofter@cam.ac.uk
533,Chic Rowcastle,EtORAPfIMrg4,crowcastlees@yahoo.co.jp
534,Bartholomeus Hassan,sO5T3ZuQj,bhassanet@sina.com.cn
535,Fulton Winear,dQIHxPZvpxkW,fwineareu@blogspot.com
536,Winnah Dove,R6k5W5lGya,wdoveev@ifeng.com
537,Jacki Elph,pMib6EbNIxX,jelphew@jigsy.com
538,Waldo Mulqueeny,LDu9ZzYqvkeY,wmulqueenyex@aboutads.info
539,Stevy Prestige,vLg3TiG,sprestigeey@dion.ne.jp
540,Bail Biswell,0DdxhHpoDv,bbiswellez@ca.gov
541,Glyn Kezor,80W5MFOq,gkezorf0@unicef.org
542,Alessandro MacFadzean,LKjhQVCRwx,amacfadzeanf1@vimeo.com
543,Cherish Karlsen,wbRa7Po3FYfU,ckarlsenf2@domainmarket.com
544,Willie Tunniclisse,TxzgGS6u,wtunniclissef3@mac.com
545,Anna-diane Kield,soo1FfiDqb,akieldf4@disqus.com
546,Corrine Dennison,O8n608,cdennisonf5@hostgator.com
547,Geoff Boys,H6bU3a9DbFs,gboysf6@homestead.com
548,Bethena Elis,33Sw8XXQ,belisf7@fotki.com
549,Loy Zealy,VWfUid,lzealyf8@oakley.com
550,Wallace Bowry,V5g4yGd,wbowryf9@discuz.net
551,Rafe Thornborrow,h3yy2EaY6,rthornborrowfa@whitehouse.gov
552,Janella Evershed,9v1R6PVWG,jevershedfb@creativecommons.org
553,Ara Boag,OG4ObM8ifBw,aboagfc@fastcompany.com
554,Mandel Coney,rMCoB2,mconeyfd@51.la
555,Angie Aries,FWuKgq,aariesfe@smh.com.au
556,Adamo Otton,qb1EFk,aottonff@google.cn
557,Johannah Lamble,bvzNBF3B1D1N,jlamblefg@forbes.com
558,Zeb Gates,oDTEIw,zgatesfh@shop-pro.jp
559,Carlotta Francombe,K2Sz2SJl,cfrancombefi@yellowbook.com
560,Celestyn Gandar,rUoxjlQZsJ0,cgandarfj@youtu.be
561,Kaitlyn Solomonides,cULVfJO13K,ksolomonidesfk@ehow.com
562,Isa Cuniam,LBR9tMttl2,icuniamfl@skype.com
563,Leonidas Helliwell,jywNntpo,lhelliwellfm@addthis.com
564,Aubine Smalley,bGTArzDrLu,asmalleyfn@ifeng.com
565,Pembroke Schimon,CanuSbK8,pschimonfo@feedburner.com
566,Gayle Gilburt,gdmQQ4,ggilburtfp@mtv.com
567,Ros Vallintine,vTDbmRiT,rvallintinefq@mail.ru
568,Astrix Pummery,4HF10c,apummeryfr@constantcontact.com
569,Rivy Surmeyer,HJXry75alNU,rsurmeyerfs@goo.ne.jp
570,Talbert Crome,u5HK61F,tcromeft@army.mil
571,Will Jacquot,uhomw1,wjacquotfu@bloglovin.com
572,Thalia Chaster,EuzLl3,tchasterfv@yellowpages.com
573,Dunn Roser,u3l3RQU,droserfw@ucla.edu
574,Lavinie Franies,wfMTKCraYoAz,lfraniesfx@linkedin.com
575,Jase Paunsford,16sVm0PHb,jpaunsfordfy@blogtalkradio.com
576,Phip Goodlip,au6dh8XawWA,pgoodlipfz@jiathis.com
577,Port O'Neal,EKaSpU5A,ponealg0@shinystat.com
578,Krissy De Vuyst,Ppc27o,kdeg1@jalbum.net
579,Carver Gawen,J02jkdEVYF,cgaweng2@google.com.hk
580,Ric Dempster,2bQBow8S,rdempsterg3@flavors.me
581,Montgomery Izhakov,Jn7Saz0V,mizhakovg4@examiner.com
582,Stephie Langshaw,2LmjlDdffaRJ,slangshawg5@so-net.ne.jp
583,Damaris Helmke,sHUbgwFHjMY,dhelmkeg6@ezinearticles.com
584,Luella Stoeckle,EBUmJo,lstoeckleg7@upenn.edu
585,Matty Zannetti,6pfhDz3r2Va,mzannettig8@reddit.com
586,Cesar Ranyell,iyR7xJgel,cranyellg9@mozilla.com
587,Stanford Svanetti,mFDC6Y,ssvanettiga@forbes.com
588,Daryle Bourke,i3Tk1Dj,dbourkegb@hostgator.com
589,Dot Selby,rNDZWZHpByhC,dselbygc@amazonaws.com
590,Wash MacAllan,DgPecj,wmacallangd@oaic.gov.au
591,Tracie Toombes,OtA8zeW,ttoombesge@vimeo.com
592,Noella Sorbie,KfP2ZA,nsorbiegf@wix.com
593,Hadleigh Penfold,GpHEp2cFqW2,hpenfoldgg@over-blog.com
594,Carling Gorioli,MJZdrrDC4Qlu,cgorioligh@over-blog.com
595,Perren Kinig,TLgLanOAf2K,pkiniggi@over-blog.com
596,Augustine Highnam,n2s8lidth,ahighnamgj@dmoz.org
597,Deni Castanho,ukkDzY0Nddo,dcastanhogk@wix.com
598,Hart Vondruska,9e0FfUdJxB,hvondruskagl@last.fm
599,Gianna Mudd,0gMzxea8acw,gmuddgm@nydailynews.com
600,Breena Hillan,wnCke3WZX9,bhillangn@typepad.com
601,Agace Dauney,rjCSMT879f0,adauneygo@google.co.jp
602,Maren Muldoon,ELWX4W2giADc,mmuldoongp@slate.com
603,Svend Suston,ujr06B4E,ssustongq@netlog.com
604,Brittany Ganders,VOf7YIBRUV,bgandersgr@w3.org
605,Enrica Keyes,T2SJBwl,ekeyesgs@cisco.com
606,Martie Langdridge,um9T2OGHF,mlangdridgegt@t.co
607,Paddie Miranda,LOTlaV,pmirandagu@qq.com
608,Kimberli Branston,duYdOjgdDhWi,kbranstongv@howstuffworks.com
609,Adham Stothard,vfDURepQ,astothardgw@phoca.cz
610,Corabel De la Eglise,dCaSP2Tf1,cdegx@smugmug.com
611,Magdalen Downs,oxZTKnvR4vM,mdownsgy@unc.edu
612,Briggs Ravenhill,zYxYa3K,bravenhillgz@elegantthemes.com
613,Wallie Pollock,foBNcNeazU,wpollockh0@infoseek.co.jp
614,Simona Rider,EyfveKVGFC,sriderh1@marriott.com
615,Ulick Stronge,68lL3l,ustrongeh2@psu.edu
616,Mycah Tanfield,Fp1FtV5c,mtanfieldh3@liveinternet.ru
617,Cullin Reinbech,qoXUcixOcw,creinbechh4@umn.edu
618,Aurore McTurlough,e8g0cHJG,amcturloughh5@hexun.com
619,Birk Wrathmell,7XGFosotl9x,bwrathmellh6@jugem.jp
620,Sinclare Jermin,rLpONlIj,sjerminh7@is.gd
621,Maiga Ricketts,WEaHDYe,mrickettsh8@php.net
622,Jacky Mangeney,CGUK6Ne9Xd3,jmangeneyh9@bravesites.com
623,Dorree Dunn,bcILVKwZ,ddunnha@zimbio.com
624,Thomas McFetrich,970J15TU9Lkp,tmcfetrichhb@reddit.com
625,Claire Anton,4PZ2TuzO5m,cantonhc@google.com.br
626,Addie Stolze,uxp001I,astolzehd@google.ca
627,Cate Starcks,j9KrJm3Kxv,cstarckshe@multiply.com
628,Silvia Ternouth,lAxAjlOp,sternouthhf@t.co
629,Silvia Pleasance,PPasRiefgVw,spleasancehg@cargocollective.com
630,Marigold Short,cKhINnh3Ln,mshorthh@webs.com
631,Nicolas Brede,wCCf3IWk9,nbredehi@telegraph.co.uk
632,Trev Blannin,x6fV75Ei,tblanninhj@kickstarter.com
633,Dimitri Milliken,yZC7OvZ,dmillikenhk@mozilla.com
634,Marlee Romeo,GCp8UGUx,mromeohl@earthlink.net
635,Bunni Ducket,avlNFD8,bduckethm@lulu.com
636,Mendie Cockarill,ye2JFQgX,mcockarillhn@barnesandnoble.com
637,Lelia Smye,ieNdgDI7ZUD,lsmyeho@walmart.com
638,Lyndsie Bolderstone,m9dFENsxJ,lbolderstonehp@auda.org.au
639,Euphemia Hoy,ZaxchVDTf,ehoyhq@shop-pro.jp
640,Hashim Trevor,sa3TNnOBEQ7L,htrevorhr@list-manage.com
641,Andreas Purvis,1ydlGFOOxX,apurvishs@people.com.cn
642,Ashton Skyrme,ZbSHs5HH,askyrmeht@barnesandnoble.com
643,Gates Morit,0HUmwPMCjRti,gmorithu@gov.uk
644,Abigael Ryton,2cpUpPaxZv,arytonhv@goo.ne.jp
645,Lucio Dominetti,GR6mNg1e,ldominettihw@mtv.com
646,Amelita Dunsmore,9MgoXt,adunsmorehx@bloglovin.com
647,Murray Duchart,pvLOh0ioT9HC,mducharthy@netvibes.com
648,Darius Sirmon,airzNN8TXx4e,dsirmonhz@elpais.com
649,Prentiss Spottiswoode,IT3qMEynX,pspottiswoodei0@miibeian.gov.cn
650,Bernadine Biggam,IpFDs4gTgN,bbiggami1@rambler.ru
651,Isabelle Revans,8dNkd2fie3t,irevansi2@upenn.edu
652,Frans Fursland,yOMwr3s,ffurslandi3@earthlink.net
653,Cy Climpson,hvjG1WwQV1F,cclimpsoni4@sourceforge.net
654,Delia Stoyles,WRR8siA4cWY,dstoylesi5@ow.ly
655,Aloysius MacAree,PjMkRn,amacareei6@abc.net.au
656,Teirtza Clendening,ckuLpxU3r,tclendeningi7@examiner.com
657,Patrica Garaghan,2UngUsZ,pgaraghani8@cafepress.com
658,Corrie Theobald,8eLyTl9F,ctheobaldi9@timesonline.co.uk
659,Belva Plimmer,xdTA6DrrD,bplimmeria@canalblog.com
660,Lynette Abreheart,VXoS3m3Jem4,labreheartib@netlog.com
661,Warde Liveing,vOS1QzwjyQmS,wliveingic@rediff.com
662,Joseph Castellino,EyZc3L5EHLs,jcastellinoid@ibm.com
663,Bobbi Varley,4vPPXUD,bvarleyie@plala.or.jp
664,Rosco Seale,S308Z7MT,rsealeif@goo.gl
665,Bren Spincke,GNPwaiwwcW,bspinckeig@woothemes.com
666,Steffie Cornwell,A39cKcL3,scornwellih@adobe.com
667,Samaria Clewes,Py28ZZtBRyCH,sclewesii@tinyurl.com
668,Dunc Balmforth,riv5pNuwsgO,dbalmforthij@liveinternet.ru
669,Giraldo Haddick,ahyq2TfgQYs,ghaddickik@twitpic.com
670,Justis Rosenwald,qhKe3Lv1,jrosenwaldil@joomla.org
671,Ulrica Campanelli,ftb3Nj7,ucampanelliim@t-online.de
672,Gorden Keigher,ypDggeG,gkeigherin@moonfruit.com
673,Zacherie Dietsche,Wb3Vax,zdietscheio@bandcamp.com
674,Benetta Dubarry,W6FdoeQ2FU,bdubarryip@harvard.edu
675,Dewey Tremelling,Fxcg6bgZ7,dtremellingiq@imgur.com
676,Mendy Cregin,OpToBDQi,mcreginir@baidu.com
677,Emmeline Pessler,DlqDI0pv2a,epessleris@hp.com
678,Minetta McMakin,JlyTyX,mmcmakinit@icio.us
679,Jeramie Monan,qhWvMT3K2,jmonaniu@opera.com
680,Darrin Maberley,wh6agjlW,dmaberleyiv@blogtalkradio.com
681,Ricki Seawell,2w9qTa,rseawelliw@cbsnews.com
682,Nap Ingleby,yEKDYen5smPn,ninglebyix@ameblo.jp
683,Rica Blodget,H5Ue39t,rblodgetiy@sogou.com
684,King Panketh,2gs2PV32,kpankethiz@examiner.com
685,Barrie Lorne,MnPYemXHdOrI,blornej0@is.gd
686,Juliette Battlestone,awVjqiC,jbattlestonej1@dion.ne.jp
687,Lauralee de Lloyd,CZNkP7Ri,ldej2@parallels.com
688,Loraine Walthall,r8QCxXth8KV,lwalthallj3@intel.com
689,Carly Lorkin,FYSLlxmriPB,clorkinj4@gnu.org
690,Serene Korneev,6USlm03nV3Q,skorneevj5@psu.edu
691,Arnuad Kent,UMaOmk,akentj6@un.org
692,Stephanie Ottley,9Saut4,sottleyj7@theglobeandmail.com
693,Karel Caughey,NqYNGa,kcaugheyj8@addthis.com
694,Gwenneth Duligall,hPm04j,gduligallj9@lulu.com
695,Carolyne Mildmott,9eR81OSgTGBg,cmildmottja@i2i.jp
696,Xerxes Banstead,hnaaQOb5,xbansteadjb@woothemes.com
697,Curt Roll,1TeZ73C,crolljc@dyndns.org
698,Kimmie Alsina,5KfzCLsu0si,kalsinajd@blogger.com
699,Frayda Babington,WiA9Kr6Jp4fl,fbabingtonje@boston.com
700,Timmie Brisbane,ijf3ri7,tbrisbanejf@discuz.net
701,Kameko Newlove,4NJwuwSKop0z,knewlovejg@simplemachines.org
702,Darci Rodgers,4hT75HOBofue,drodgersjh@spotify.com
703,Wini Treadway,9zDhEH1Dg,wtreadwayji@so-net.ne.jp
704,L;urette Emps,0JlFLJaX2xI,lempsjj@msn.com
705,Ettore Treppas,uzUN87,etreppasjk@dmoz.org
706,Rey Joontjes,Wm41fIiNX52,rjoontjesjl@forbes.com
707,Tirrell Nutten,L5G4Loc,tnuttenjm@indiatimes.com
708,Daniella Ragat,hTuzOhjw,dragatjn@4shared.com
709,Ted Brydon,9w5Fcg,tbrydonjo@ucoz.ru
710,Jacquelynn McNess,1fTGDJ1P4Jd,jmcnessjp@economist.com
711,Latia Bendle,rLl3FXL3iu6,lbendlejq@over-blog.com
712,Henrik Bernot,EZzFC5bOW4es,hbernotjr@canalblog.com
713,Kristel Ruffler,H2QoPPHqcxs,krufflerjs@google.ru
714,Lyn Fahrenbach,hNJv8Q7,lfahrenbachjt@imgur.com
715,Brina Turbern,DoAj5N9ph,bturbernju@hatena.ne.jp
716,Skippie Laherty,lVbYR2ZzUjS,slahertyjv@netlog.com
717,Ariel Peniman,9H8LKS2,apenimanjw@discovery.com
718,Gretna Ewings,D6oi6WJ,gewingsjx@wiley.com
719,Sydney Van der Kruys,k0cxvJYIr,svanjy@loc.gov
720,Kristos Teml,m7q2v038b9,ktemljz@hp.com
721,Livy Lippi,5IKikv0v,llippik0@bandcamp.com
722,Delaney Aveling,6alycp9uj9mk,davelingk1@boston.com
723,Colette Clashe,ThZlR1w9Clrm,cclashek2@who.int
724,Celeste Rought,bXU6ZnM,croughtk3@list-manage.com
725,Kenn Cantrell,eAtSvkML8,kcantrellk4@hugedomains.com
726,Mariya Curnick,dOg7dtH,mcurnickk5@geocities.com
727,Barbe Prickett,wAV0AOBV,bprickettk6@issuu.com
728,Alford Collaton,whjiKxX1g,acollatonk7@unc.edu
729,Edouard McElwee,Z09cY2z,emcelweek8@cpanel.net
730,Guillemette Bernhardi,1biWisuh,gbernhardik9@pinterest.com
731,Jere Greve,bT6F9r2no,jgreveka@state.gov
732,Packston Wasbrough,Lg6BDENZI,pwasbroughkb@ustream.tv
733,Dix Jeary,CkfeeoYNg6Q4,djearykc@soundcloud.com
734,Elora Claybourne,PcMvzEi,eclaybournekd@123-reg.co.uk
735,Kim Zanuciolii,FORiaJNa,kzanucioliike@hugedomains.com
736,Aldo Grigaut,Wdu4qv,agrigautkf@theglobeandmail.com
737,Bamby Carabet,BajckwaPS9,bcarabetkg@arstechnica.com
738,Ethe Spikings,7XSMixz,espikingskh@linkedin.com
739,Kelsi Garfoot,836Ji2u,kgarfootki@usa.gov
740,Rafael Reicharz,tagiPW,rreicharzkj@de.vu
741,Bone Baldoni,5whHVegzPw,bbaldonikk@redcross.org
742,Michaela Brecher,jfC92RM,mbrecherkl@geocities.com
743,Arie Polo,cxdDFjGEXxvh,apolokm@rediff.com
744,Rosette Smyth,lRVrE8m,rsmythkn@163.com
745,Prissie Halward,mMJWPxqSW2sc,phalwardko@wikimedia.org
746,Lay Gipps,04U5dgxbXg7,lgippskp@thetimes.co.uk
747,Garrott Vassay,CYzwd0c,gvassaykq@w3.org
748,Merrel Wharrier,4zvui1urF25G,mwharrierkr@scribd.com
749,Even Batts,mXktK1,ebattsks@squarespace.com
750,Minne Meale,KkBmF6h7,mmealekt@google.com.hk
751,Benetta Domeney,ZCYmoW2v52R,bdomeneyku@pen.io
752,Alta Camerello,HAjR0GG,acamerellokv@census.gov
753,Ralph Glasspool,SYRwpz1IN,rglasspoolkw@nasa.gov
754,Antoni Szymonwicz,KzU9TAec,aszymonwiczkx@huffingtonpost.com
755,Marna Charter,sYKslxk,mcharterky@mozilla.org
756,Mercy Chedzoy,ur5qDzXCsr,mchedzoykz@wordpress.org
757,Florinda Elcoate,vWhpjWI7k,felcoatel0@t.co
758,Pembroke Cutts,knxiXaUR,pcuttsl1@reverbnation.com
759,Prudence Feeham,TlqtjV,pfeehaml2@imageshack.us
760,Tabbie Maling,spjkuP4L,tmalingl3@bloomberg.com
761,Bradan Jeffray,rLytMd8z,bjeffrayl4@springer.com
762,Web Kolczynski,ajUiRDq3f,wkolczynskil5@huffingtonpost.com
763,Eimile Gannicleff,BZYhS2jNG2xm,egannicleffl6@wired.com
764,Alister Ronchi,Af1YyqUiL,aronchil7@berkeley.edu
765,Dare Brittin,RjEO494aR,dbrittinl8@umn.edu
766,Jenica Scruton,wizupWGXS9jY,jscrutonl9@bandcamp.com
767,Margaretta Maffetti,EOyWM2aPvu,mmaffettila@sun.com
768,Sybila Blakelock,8hQIMxRU4PNN,sblakelocklb@whitehouse.gov
769,Meris Sprasen,TYW6cjMx,msprasenlc@cloudflare.com
770,Elladine Friary,7puyW3k,efriaryld@forbes.com
771,Emmalynn O'Kerin,W9ZMgWycunZ3,eokerinle@booking.com
772,Jaquith McMillan,IgeRYgJ,jmcmillanlf@blog.com
773,Caressa Coultard,YmeXa5,ccoultardlg@shareasale.com
774,Eadith Peterken,E2vaLSLMF0,epeterkenlh@joomla.org
775,Arda Mackleden,GyAmH2AQ,amackledenli@netlog.com
776,Bernardina Fitzmaurice,xRXhLYp5KfDc,bfitzmauricelj@wired.com
777,Monica Matyushkin,s3BKZg8pY1Do,mmatyushkinlk@businessweek.com
778,Ev Gloves,JjoC1DPXH3,eglovesll@myspace.com
779,Waylan Ferentz,tZSbkdn9jhgF,wferentzlm@sohu.com
780,Rebeka McKimmey,30xF2gfC,rmckimmeyln@va.gov
781,Wilbur Jaram,9c6LTS,wjaramlo@cyberchimps.com
782,Cully Elsey,7SP5lBjBNo,celseylp@springer.com
783,Natale Price,WJLl5I,npricelq@sakura.ne.jp
784,Uta Eskrigge,PuZQweOCr,ueskriggelr@themeforest.net
785,Amalee Bonwick,dOfGH3nZl,abonwickls@artisteer.com
786,Brittaney Screeton,yfWCQnyx0e,bscreetonlt@biglobe.ne.jp
787,Dulci Arrell,tpCG0wQJt,darrelllu@patch.com
788,Bradly Bossingham,6efU1Cfk,bbossinghamlv@google.ca
789,Micky Christauffour,AW42AFaT,mchristauffourlw@lulu.com
790,Christy Stevens,12e3wX8,cstevenslx@usa.gov
791,Cathryn Beenham,JFCshZsyuLY,cbeenhamly@smugmug.com
792,Flori Lambin,WKtlzki,flambinlz@ustream.tv
793,Wilmar Byway,lUpG0dcfCLF,wbywaym0@delicious.com
794,Sonnnie Meriott,lqUZpEOI7UX,smeriottm1@dion.ne.jp
795,Demetri Halsall,cHM7T9BL42D,dhalsallm2@ehow.com
796,Giustino Laybourne,VHsr8qWK4Pmr,glaybournem3@networkadvertising.org
797,Edith Milnthorpe,Fj2nRgHU7P,emilnthorpem4@reverbnation.com
798,Martica Matous,g71GyHHemVcT,mmatousm5@google.fr
799,Audi Bowcher,AAvvzf1LD,abowcherm6@npr.org
800,Joyce Batt,MIx5hzZ,jbattm7@imageshack.us
801,Florentia Cunde,pt92pn,fcundem8@canalblog.com
802,Benedicta Decker,BKsQrg9,bdeckerm9@blogs.com
803,Baxy Largan,aqkqCmAOm0,blarganma@taobao.com
804,Gaspar Size,rhef5RxNxZ,gsizemb@eepurl.com
805,Nerte Marke,AR7X1jjn,nmarkemc@blogger.com
806,Hildy Sallnow,335JZ4,hsallnowmd@unc.edu
807,Paule Bainton,QFarmgu,pbaintonme@aboutads.info
808,Nelie Lammertz,KW1VlxuS1gJk,nlammertzmf@columbia.edu
809,Shalom Hambers,PnPBLx2D,shambersmg@telegraph.co.uk
810,Nelle Nellies,fLhS3E2sUNIC,nnelliesmh@acquirethisname.com
811,Lewiss Culham,BoRlLKh,lculhammi@home.pl
812,Lara Debell,lqQTgTbWR,ldebellmj@bing.com
813,Orelee Brinkman,SfMXjPAxS,obrinkmanmk@wikispaces.com
814,Emiline Dodman,738On8,edodmanml@imageshack.us
815,Elbertina Castelletto,xLf3FxUO,ecastellettomm@dell.com
816,Carter Younie,YSt6Oox,cyouniemn@psu.edu
817,Mair Fitton,K09OF6op,mfittonmo@examiner.com
818,Shayna Bielfelt,iNgXyVU,sbielfeltmp@themeforest.net
819,Raynell Salthouse,chsrcpSnrDH,rsalthousemq@bizjournals.com
820,Andres Germaine,z9SD3WxK,agermainemr@google.it
821,Morse Inkles,uxpSffk4yr,minklesms@va.gov
822,Britni Pallant,RflnBaf,bpallantmt@artisteer.com
823,Dunn Fearey,LrRdjqgp,dfeareymu@archive.org
824,Nevile Pavese,L84N7X8R3yC,npavesemv@angelfire.com
825,Caitrin Bramelt,PYC4a4,cbrameltmw@nih.gov
826,Gertrudis Pauler,bQakN3,gpaulermx@google.co.uk
827,Kenny Blasl,h8mubNrLq,kblaslmy@addtoany.com
828,Vivie Zanelli,xWukGiQHG,vzanellimz@sbwire.com
829,Ruprecht Shippam,g1ognhm,rshippamn0@ucsd.edu
830,Emmalee Hicken,RFGeBokz,ehickenn1@pinterest.com
831,Quintin Alders,90351Bg,qaldersn2@washington.edu
832,Demetra De Hooge,zRty7WeOtnz,dden3@desdev.cn
833,Tierney Thumann,0d7ZhsvMCU,tthumannn4@disqus.com
834,Raul Mercer,cHnQtm75,rmercern5@nymag.com
835,Reginauld Borrill,Wy2eJdRoMse8,rborrilln6@addthis.com
836,Morna McLoney,loHpgoUIw,mmcloneyn7@ibm.com
837,Clarance Kabsch,ufxIlm0,ckabschn8@upenn.edu
838,Mikkel Stair,yTpZeDuy3k,mstairn9@nasa.gov
839,Susie Haskell,pKOWzUE3,shaskellna@unblog.fr
840,Tibold Ragdale,nySZ9bOFyj,tragdalenb@people.com.cn
841,Jana O' Borne,PVpM4owA7Ih,jonc@skyrock.com
842,Ali Netherwood,myKNPIFywoY,anetherwoodnd@aol.com
843,Rudyard Mattingley,DewLcO5DzM75,rmattingleyne@nasa.gov
844,Meade Skeffington,zK6OhZF,mskeffingtonnf@shop-pro.jp
845,Nolie Tother,z3CTZ0Pz,ntotherng@skype.com
846,Gerti Darch,ud34tiqO71wx,gdarchnh@unesco.org
847,Arleyne Trewett,19Ej9w,atrewettni@wordpress.com
848,Trev Lesslie,C21GapN9Us,tlesslienj@adobe.com
849,Lorrie Frood,1X8YV4,lfroodnk@360.cn
850,Sanford Leavold,FAwSNhrb9fso,sleavoldnl@acquirethisname.com
851,Brnaby Petrolli,892czcGyJLc,bpetrollinm@goo.ne.jp
852,Grantham Sowrah,8dWR6EN8J,gsowrahnn@wikipedia.org
853,Reinaldo Binning,KqqU0LVT,rbinningno@yelp.com
854,Lissie Fardoe,SMFUMio3M,lfardoenp@chron.com
855,Alejandrina Leser,Bae0ihg8M7F9,alesernq@unc.edu
856,Darleen Kirrage,YzyD45,dkirragenr@alibaba.com
857,Opal Libbis,V15w5E,olibbisns@google.com
858,Ev Flieg,rtnuvDVa,efliegnt@java.com
859,Welsh Baseke,26y1sT,wbasekenu@blog.com
860,Farleigh Pineaux,CkVR3fPhd7XA,fpineauxnv@chronoengine.com
861,Rodolph Farreil,hIQPxwIegu,rfarreilnw@xinhuanet.com
862,Gill Sibbering,4A5WGFI1,gsibberingnx@prlog.org
863,Georgy Coen,5FITJYq2d5N,gcoenny@nymag.com
864,Robert Murricanes,K0pAZ7uxl9,rmurricanesnz@ucla.edu
865,Warren Humpherson,PEguCxd0Rp,whumphersono0@businessweek.com
866,Lynette Gascar,63gEDPEcbmxv,lgascaro1@va.gov
867,Nickola Dowty,8EFcyWF9,ndowtyo2@cargocollective.com
868,Sally Sanderson,kKXcUPoTD,ssandersono3@hp.com
869,Joana Lean,I8c7O34o,jleano4@icq.com
870,Inger Partner,feHymRUQYL,ipartnero5@drupal.org
871,Florie Croson,wMKi0hfotd0,fcrosono6@exblog.jp
872,Gussie Moncur,9T3IghEAm,gmoncuro7@hubpages.com
873,Hersh Bunkle,0Ae9LQa,hbunkleo8@networkadvertising.org
874,Tammy Nussgen,coC4idylx,tnussgeno9@illinois.edu
875,Patin Paddick,IJLMjLj2G,ppaddickoa@sohu.com
876,Ezra Kollatsch,KolmjtBYPNK,ekollatschob@meetup.com
877,Kermie Threlkeld,aSXRTo6,kthrelkeldoc@fc2.com
878,Ronnica McKew,5E9ZTIbylVg,rmckewod@com.com
879,Gan Onians,qfiNMb8ePRL,goniansoe@dailymail.co.uk
880,Nettle Fearnall,YgHkoe9qrS,nfearnallof@bbc.co.uk
881,Clem Newbatt,L7AdS1yy,cnewbattog@abc.net.au
882,Gigi Malenfant,HZjjXa,gmalenfantoh@hc360.com
883,Pierre Plumstead,VEUIZ0tUOhzA,pplumsteadoi@salon.com
884,Stanfield Penelli,3obeFf5g3XO,spenellioj@newyorker.com
885,Nissa Castagnasso,mlU4YhMUsmI,ncastagnassook@liveinternet.ru
886,Jennica Kingsly,DgtEzxUbN,jkingslyol@cdbaby.com
887,Reade Gilvary,FenTEYNk8K,rgilvaryom@gmpg.org
888,Ainslie Rosterne,rLSa7voDvYD9,arosterneon@paginegialle.it
889,Joann Clabburn,79pSiQA,jclabburnoo@paginegialle.it
890,Terencio Cansfield,7oQHcalD,tcansfieldop@mlb.com
891,Hubey Chattock,i8jCYR,hchattockoq@oracle.com
892,Elinor Stancer,s8iiS5ezf,estanceror@noaa.gov
893,Pascal Martellini,ZTNM5ez1sc,pmartellinios@webnode.com
894,Walliw Laingmaid,9jCbjol0w1E0,wlaingmaidot@ocn.ne.jp
895,Urbanus Kenwyn,3YnlxYA0VLRE,ukenwynou@bigcartel.com
896,Pegeen Suter,pBEuSLK1D5j,psuterov@indiatimes.com
897,Amalle Stanesby,A27wGSE,astanesbyow@webs.com
898,Bunnie Swadlin,7TmlUfEh,bswadlinox@senate.gov
899,Ichabod Kunzler,9V5I4r6ji,ikunzleroy@nationalgeographic.com
900,Margaux Scalera,WOwfq0GVLe,mscaleraoz@google.cn
901,Paloma Odams,Dn9LvHB,podamsp0@jalbum.net
902,Ariella Rohloff,Uh2GIafwnxb,arohloffp1@xinhuanet.com
903,Giacinta Miklem,TEcmI4Del6tc,gmiklemp2@icio.us
904,Lila Camber,WfxQFXWb,lcamberp3@usda.gov
905,Lizzy Ayre,DRvCdgwn,layrep4@seattletimes.com
906,Rosabella holmes,f9zmo9bX0,rholmesp5@w3.org
907,Tallie Squirrell,kchlt008,tsquirrellp6@arstechnica.com
908,Martyn Billinge,gcePvmaW,mbillingep7@cocolog-nifty.com
909,Karney Cullington,KYKHIXIhqz2,kcullingtonp8@bluehost.com
910,Pamelina d'Escoffier,bRKStpq,pdescoffierp9@oracle.com
911,Adrianna Cicconetti,Fe77KKj,acicconettipa@soundcloud.com
912,Ramon Stanmer,a04T68A,rstanmerpb@fotki.com
913,Nara McRannell,imuXCeIxQDC,nmcrannellpc@edublogs.org
914,Shane Rosenbush,y8LTGAh3n0d,srosenbushpd@abc.net.au
915,Drusilla Cremins,uAYTEcaQjutC,dcreminspe@kickstarter.com
916,Bayard Trembey,P9mZpSCUA,btrembeypf@paypal.com
917,Marchelle Masters,CoUdLDc,mmasterspg@redcross.org
918,Sheffie De Ruggiero,RtonVcw0,sdeph@shareasale.com
919,Donavon Shrimptone,vJ1VDIhbjas,dshrimptonepi@stumbleupon.com
920,Barty Juste,FsHI2ZcUJwr,bjustepj@sohu.com
921,Aubrey Haquin,29nKTjL1Es,ahaquinpk@mayoclinic.com
922,Sherilyn Parkeson,ZxgXNk,sparkesonpl@phoca.cz
923,Merrick Cominotti,66QBvi0FQe99,mcominottipm@rambler.ru
924,Sabina Jessope,qd9gRBt,sjessopepn@jugem.jp
925,Kenn Brenard,wE9q8x6Y,kbrenardpo@edublogs.org
926,Beitris Manis,hSJ9oQG,bmanispp@cafepress.com
927,Fabiano Gronaver,bLnja5,fgronaverpq@sogou.com
928,Julian Vannet,f5H8SVwDDCn,jvannetpr@soup.io
929,Violetta Wellstood,wCY6Jnx,vwellstoodps@wsj.com
930,D'arcy Stothart,kqepJbxOmj51,dstothartpt@taobao.com
931,Gretna Janusik,ACSCNZju,gjanusikpu@cbslocal.com
932,Dara Wither,lUIKAlc0i,dwitherpv@cloudflare.com
933,Isidore Kloster,8dFfcRtR,iklosterpw@usda.gov
934,Richie Kineton,jwPVKXK,rkinetonpx@soup.io
935,Cynde Woolvin,ePeOn1IKVLMm,cwoolvinpy@people.com.cn
936,Fleur Andreassen,GTiYkXDoS,fandreassenpz@hatena.ne.jp
937,Olin Zorn,9gjYzienbr,ozornq0@reference.com
938,Kris Haseman,922ovrVxh,khasemanq1@cbsnews.com
939,Xever Jowsey,qXmnQ7Ojk,xjowseyq2@jalbum.net
940,Tori Beminster,jUnxW8u,tbeminsterq3@forbes.com
941,Bartholomeo Branthwaite,Ok7iMle,bbranthwaiteq4@house.gov
942,Laural Petrovic,jHTCkWnO2,lpetrovicq5@state.gov
943,Merle Rodolf,hLzm1SGaN6R,mrodolfq6@prweb.com
944,Nelia Dyzart,5vi825H9Zn97,ndyzartq7@thetimes.co.uk
945,Rachael Grenville,mAk4GQJlJAJ,rgrenvilleq8@shinystat.com
946,Britt Doche,yd1Y1CcbD,bdocheq9@aboutads.info
947,Jerrine Tingey,mqVBDod,jtingeyqa@examiner.com
948,Wileen Arlt,JiRFIx9depq,warltqb@examiner.com
949,Avram Hurndall,QcBi0n7WC0aN,ahurndallqc@livejournal.com
950,Jasmin Crompton,m72XCLC7nv0S,jcromptonqd@t-online.de
951,Teodoor Bonnyson,ehRkhAC36,tbonnysonqe@fda.gov
952,Inez Jewes,ODWOnpXF9q6,ijewesqf@free.fr
953,Gusti Amott,hFEqGDt,gamottqg@google.de
954,Trip Bernhard,Sw0tRylG6,tbernhardqh@sciencedaily.com
955,Culver Oggers,oijvxP39NU8D,coggersqi@jimdo.com
956,Yvonne Pashby,CtmHpGX6X41,ypashbyqj@4shared.com
957,Gerhard Gibbins,rg12pohIj,ggibbinsqk@marketwatch.com
958,Courtney Deveral,eP2mJ8PfX,cdeveralql@princeton.edu
959,Gun Witts,tcBLzgQvat,gwittsqm@theguardian.com
960,Bobine Meredyth,8CRC65HyjZ,bmeredythqn@delicious.com
961,Trude Hovell,ADD4Kbk,thovellqo@edublogs.org
962,Kalila Maith,hpCRWO,kmaithqp@deliciousdays.com
963,Neal Trengrove,trVSGjVsvi,ntrengroveqq@thetimes.co.uk
964,Kathe Lamball,ShOBsXnvL,klamballqr@taobao.com
965,Fax Lago,eYFOncs,flagoqs@pagesperso-orange.fr
966,Evvie Robertson,pAQ3bPX2uNd4,erobertsonqt@cbsnews.com
967,Nicky Tupman,0U0pQkpkgd2x,ntupmanqu@addthis.com
968,Garold Uzielli,ZrrxnKjnrIJ,guzielliqv@fema.gov
969,Georgie Jolliman,ad44XkNT2XG,gjollimanqw@google.com.br
970,Dru Coot,Np20mqTBB,dcootqx@smh.com.au
971,Crosby Cockran,USjvmegt05g,ccockranqy@ft.com
972,Daphna Fluck,51fMg67,dfluckqz@ucsd.edu
973,Shirley Benard,NixzL3FL00,sbenardr0@com.com
974,Kristine Gudeman,bpGFiiDzU53p,kgudemanr1@freewebs.com
975,Halsy Powling,gPLYtf78QEn,hpowlingr2@photobucket.com
976,Ekaterina Filgate,7qhURRxmZ,efilgater3@pen.io
977,Broderick Lerer,Cv51bJ,blererr4@51.la
978,Romy Rolf,8TD7pe0,rrolfr5@slate.com
979,Brnaby Gentsch,e7p5dHdS96,bgentschr6@ucoz.com
980,Russ Androletti,SImCKVDTAe,randrolettir7@wsj.com
981,Prentice Albrooke,Tr3y92mSqh1H,palbrooker8@oakley.com
982,Mercy Regorz,YUEkuIU6cfCa,mregorzr9@apache.org
983,Letizia Peasey,RsMxjD03TrgW,lpeaseyra@microsoft.com
984,Aldric Stenet,FAQ9xmP1PCc8,astenetrb@hhs.gov
985,Lawton Dosedale,flv6GJoG2L,ldosedalerc@example.com
986,Lilli Redier,KVPoMX6v,lredierrd@biglobe.ne.jp
987,Paul Aberkirdo,R7A5u4YSlve,paberkirdore@sphinn.com
988,Erskine Necrews,ff0pcHSJ3,enecrewsrf@cloudflare.com
989,Romeo Philpott,MxwhElIN,rphilpottrg@engadget.com
990,Dani Rysom,m2sVAGnTTDZz,drysomrh@mlb.com
991,Sasha Longmate,fG3U82A,slongmateri@accuweather.com
992,Lindsey Alan,EqakryHc,lalanrj@exblog.jp
993,Aida Collens,jHFtKxFUHOOy,acollensrk@mozilla.org
994,Hildegarde Ilyasov,s1LP97i,hilyasovrl@cpanel.net
995,Ulick Canto,jMpG6Wx,ucantorm@issuu.com
996,Trueman Bulfit,dC9kHK,tbulfitrn@squidoo.com
997,Hakeem Pratton,cJWRToA6M,hprattonro@boston.com
998,Cam McShirrie,Y1YPDD0X,cmcshirrierp@moonfruit.com
999,Reina Backsal,7EzLqsLZA,rbacksalrq@woothemes.com
1000,Reinald Bragginton,clLwej1kUxV,rbraggintonrr@oracle.com
